"Country","Region","Income","SDI","Change DALYs (%)","Change deaths (%)","Peak year","Interval width","Cluster (DALYs)","p (DALYs)","Cluster (deaths)","p (deaths)","Cluster (2000 window)","p (2000 window)"
"Albania","Central Europe, Eastern Europe and Central Asia","Upper middle",0.7068,-41.5,-37.8,1990,0.043,0,0.65,0,0.34,2,0.85
"Armenia","Central Europe, Eastern Europe and Central Asia","Upper middle",0.7173,-51.6,-50.5,1993,0.027,2,0.99,2,0.92,2,1
"Azerbaijan","Central Europe, Eastern Europe and Central Asia","Upper middle",0.7053,-32.5,-29.1,1994,0.041,0,0.6,1,0.89,2,0.83
"Belarus","Central Europe, Eastern Europe and Central Asia","Upper middle",0.8036,-23.1,-21.6,1998,0.018,0,0.69,0,0.29,2,0.99
"Bosnia and Herzegovina","Central Europe, Eastern Europe and Central Asia","Upper middle",0.7129,-40.7,-37.9,1990,0.033,0,0.64,0,0.33,2,0.79
"Bulgaria","Central Europe, Eastern Europe and Central Asia","High",0.7708,-34.8,-34.3,1997,0.018,0,0.66,0,0.35,2,0.84
"Croatia","Central Europe, Eastern Europe and Central Asia","High",0.7821,-56.2,-54.6,1990,0.021,2,1,2,0.95,2,1
"Czechia","Central Europe, Eastern Europe and Central Asia","High",0.831,-64.7,-63.1,1990,0.024,2,1,2,1,2,1
"Estonia","Central Europe, Eastern Europe and Central Asia","High",0.8549,-64.3,-62.4,1994,0.023,2,1,2,1,2,1
"Georgia","Central Europe, Eastern Europe and Central Asia","Upper middle",0.7546,-48.4,-48.9,1991,0.026,2,0.94,2,0.79,2,1
"Hungary","Central Europe, Eastern Europe and Central Asia","High",0.7935,-49.8,-45.7,1991,0.019,2,1,2,0.91,2,0.88
"Kazakhstan","Central Europe, Eastern Europe and Central Asia","Upper middle",0.7272,-42.8,-44.8,2006,0.021,2,0.92,2,0.9,2,1
"Kyrgyzstan","Central Europe, Eastern Europe and Central Asia","Lower middle",0.6252,-32.9,-24.6,1995,0.023,2,0.82,0,0.17,2,1
"Latvia","Central Europe, Eastern Europe and Central Asia","High",0.8508,-42.5,-43.3,1994,0.02,2,0.96,2,0.88,2,1
"Lithuania","Central Europe, Eastern Europe and Central Asia","High",0.8562,-43.3,-42,1994,0.021,2,0.89,0,0.62,2,1
"Mongolia","Central Europe, Eastern Europe and Central Asia","Upper middle",0.6597,-44.2,-43.9,1997,0.047,2,0.92,2,0.9,2,1
"Montenegro","Central Europe, Eastern Europe and Central Asia","Upper middle",0.7886,-36,-35.1,1997,0.036,2,0.71,0,0.4,2,0.99
"North Macedonia","Central Europe, Eastern Europe and Central Asia","Upper middle",0.7585,-42.2,-37.8,1995,0.026,2,0.82,0,0.43,2,1
"Poland","Central Europe, Eastern Europe and Central Asia","High",0.847,-62.5,-60.8,1991,0.024,2,1,2,1,2,1
"Republic of Moldova","Central Europe, Eastern Europe and Central Asia","Upper middle",0.7337,-41.3,-46.7,1995,0.02,2,0.91,2,0.91,2,1
"Romania","Central Europe, Eastern Europe and Central Asia","High",0.7687,-43,-42.5,1996,0.017,2,0.99,2,0.87,2,0.99
"Russian Federation","Central Europe, Eastern Europe and Central Asia","High",0.8225,-30.5,-36.4,2003,0.015,2,0.9,2,0.89,2,1
"Serbia","Central Europe, Eastern Europe and Central Asia","Upper middle",0.7845,-46.7,-42.1,1996,0.03,2,0.99,2,0.87,2,1
"Slovakia","Central Europe, Eastern Europe and Central Asia","High",0.8131,-55.7,-52.7,1990,0.029,2,1,2,0.94,2,1
"Slovenia","Central Europe, Eastern Europe and Central Asia","High",0.8449,-67.7,-66.7,1990,0.028,2,1,2,1,2,1
"Tajikistan","Central Europe, Eastern Europe and Central Asia","Lower middle",0.5512,-2.7,4.5,1994,0.052,1,0.93,1,1,1,0.96
"Turkmenistan","Central Europe, Eastern Europe and Central Asia","Upper middle",0.6822,-14,-13.4,1996,0.024,0,0.43,1,0.83,2,0.8
"Ukraine","Central Europe, Eastern Europe and Central Asia","Upper middle",0.7645,-30.1,-32.2,1995,0.019,2,0.71,0,0.32,2,1
"Uzbekistan","Central Europe, Eastern Europe and Central Asia","Lower middle",0.6321,-18,-15.3,1995,0.021,1,0.88,1,0.93,0,0.43
"Andorra","High income","High",0.8799,-43.6,-46.8,1990,0.08,2,0.89,2,0.92,2,0.76
"Argentina","High income","Upper middle",0.7647,-52.2,-53.3,1990,0.025,2,1,2,0.95,2,0.82
"Australia","High income","High",0.8529,-67.2,-71,1990,0.039,2,1,2,1,2,1
"Austria","High income","High",0.854,-57.5,-57.6,1990,0.036,2,1,2,1,2,0.99
"Belgium","High income","High",0.877,-62.5,-63.7,1990,0.039,2,1,2,1,2,1
"Brunei Darussalam","High income","High",0.8324,-45.7,-48.1,1991,0.054,2,0.96,2,0.94,2,0.87
"Canada","High income","High",0.8873,-52.2,-57.1,1990,0.037,2,1,2,1,2,0.88
"Chile","High income","High",0.7885,-55.5,-59.4,1990,0.026,2,1,2,0.98,2,0.98
"Cyprus","High income","High",0.8558,-61.4,-59.7,1990,0.061,2,1,2,1,2,1
"Denmark","High income","High",0.916,-69,-69.8,1990,0.034,2,1,2,1,2,1
"Finland","High income","High",0.8908,-59.2,-55.2,1990,0.034,2,1,2,0.98,2,1
"France","High income","High",0.8611,-48.9,-56.2,1990,0.048,2,1,2,1,2,0.97
"Germany","High income","High",0.8786,-55.9,-56.6,1990,0.039,2,1,2,1,2,0.95
"Greece","High income","High",0.8312,-51.7,-55.4,1990,0.031,2,1,2,1,2,1
"Greenland","High income","High",0.8602,-59.4,-57.4,1990,0.057,2,1,2,1,2,1
"Iceland","High income","High",0.889,-57.4,-55.6,1990,0.039,2,1,2,1,2,1
"Ireland","High income","High",0.9069,-70.4,-68.9,1990,0.031,2,1,2,1,2,1
"Israel","High income","High",0.8409,-70.2,-71.5,1992,0.038,2,1,2,1,2,1
"Italy","High income","High",0.8344,-56.9,-57.8,1990,0.049,2,1,2,1,2,0.98
"Japan","High income","High",0.8759,-50.7,-59.3,1990,0.048,2,1,2,1,2,0.84
"Luxembourg","High income","High",0.8948,-68.5,-68.2,1990,0.033,2,1,2,1,2,1
"Malta","High income","High",0.8305,-65.9,-65.9,1990,0.034,2,1,2,1,2,1
"Monaco","High income","High",0.9227,-75.5,-76.5,1990,0.127,2,1,2,1,2,1
"Netherlands","High income","High",0.9084,-63.4,-62.5,1990,0.036,2,1,2,1,2,1
"New Zealand","High income","High",0.8664,-59.6,-58.2,1990,0.036,2,1,2,1,2,0.99
"Norway","High income","High",0.9169,-68.1,-68.9,1990,0.042,2,1,2,1,2,1
"Portugal","High income","High",0.7865,-68.4,-71.1,1990,0.035,2,1,2,1,2,1
"Republic of Korea","High income","High",0.8917,-77.6,-78.6,1990,0.049,2,1,2,1,2,1
"San Marino","High income","High",0.883,-60.9,-65.6,1990,0.067,2,1,2,1,2,1
"Singapore","High income","High",0.87,-67.3,-69.6,1990,0.029,2,1,2,1,2,1
"Spain","High income","High",0.8118,-57.2,-61.8,1990,0.041,2,1,2,1,2,0.99
"Sweden","High income","High",0.9109,-59.7,-61.7,1990,0.039,2,1,2,1,2,1
"Switzerland","High income","High",0.9461,-63.7,-62.1,1990,0.042,2,1,2,1,2,1
"United Kingdom","High income","High",0.8804,-59.9,-62.2,1990,0.032,2,1,2,1,2,1
"United States of America","High income","High",0.8765,-40.5,-45.8,1990,0.036,2,0.85,2,0.92,2,0.76
"Uruguay","High income","High",0.7454,-50.7,-52.9,1990,0.027,2,1,2,0.97,2,0.94
"Antigua and Barbuda","Latin America and Caribbean","High",0.7559,-45.3,-47,1990,0.032,2,0.92,2,0.93,2,0.75
"Bahamas","Latin America and Caribbean","High",0.8136,-22,-18.2,1990,0.027,1,0.99,1,1,1,0.98
"Barbados","Latin America and Caribbean","High",0.7548,-37.3,-39.7,1990,0.031,2,0.76,2,0.82,1,0.78
"Belize","Latin America and Caribbean","Upper middle",0.6285,-32.2,-32.1,2000,0.034,0,0.64,0,0.35,2,0.83
"Bermuda","Latin America and Caribbean","High",0.8269,-55.1,-56.9,1990,0.033,2,1,2,1,2,0.84
"Bolivia (Plurinational State of)","Latin America and Caribbean","Lower middle",0.6317,-36.1,-39.7,1991,0.112,0,0.34,0,0.33,0,0.64
"Brazil","Latin America and Caribbean","Upper middle",0.6839,-52,-54.8,1990,0.024,2,1,2,0.97,2,0.98
"Colombia","Latin America and Caribbean","Upper middle",0.6888,-52.9,-52.8,1990,0.024,2,1,2,0.95,2,0.84
"Costa Rica","Latin America and Caribbean","Upper middle",0.7154,-36.6,-37.2,1993,0.027,2,0.88,2,0.91,2,0.78
"Cuba","Latin America and Caribbean","Upper middle",0.6949,-36.2,-36.8,1990,0.024,0,0.38,0,0.35,1,0.9
"Dominica","Latin America and Caribbean","Upper middle",0.7537,-22.5,-23.4,1992,0.046,1,0.99,1,0.96,1,1
"Dominican Republic","Latin America and Caribbean","Upper middle",0.6581,-4.6,5.4,1990,0.042,1,1,1,1,1,1
"Ecuador","Latin America and Caribbean","Upper middle",0.691,-36.1,-34.1,1994,0.022,2,0.94,2,0.93,2,0.8
"El Salvador","Latin America and Caribbean","Upper middle",0.6082,-28.3,-18.5,1990,0.046,0,0.18,1,1,1,1
"Grenada","Latin America and Caribbean","Upper middle",0.6781,-42.2,-45.3,1991,0.034,2,0.83,2,0.93,0,0.56
"Guatemala","Latin America and Caribbean","Upper middle",0.5538,-31.9,-21.3,1993,0.028,0,0.2,1,1,1,1
"Guyana","Latin America and Caribbean","High",0.6957,-43.2,-43.3,1990,0.03,2,0.72,0,0.41,0,0.47
"Haiti","Latin America and Caribbean","Lower middle",0.4638,1.4,6.4,2023,0.1,1,1,1,1,1,1
"Honduras","Latin America and Caribbean","Lower middle",0.5203,-10.4,4.2,1998,0.076,1,1,1,1,1,0.98
"Jamaica","Latin America and Caribbean","Upper middle",0.6919,-21.5,-26.2,1990,0.034,1,1,1,1,1,1
"Mexico","Latin America and Caribbean","Upper middle",0.6934,-17.5,-17,1994,0.025,1,1,1,1,1,1
"Nicaragua","Latin America and Caribbean","Lower middle",0.5357,-23.3,-13.8,1990,0.042,1,1,1,1,1,1
"Panama","Latin America and Caribbean","High",0.7154,-31.4,-32.2,1990,0.03,0,0.35,0,0.36,1,0.99
"Paraguay","Latin America and Caribbean","Upper middle",0.6741,-21.5,-18.6,1990,0.039,1,0.99,1,1,1,1
"Peru","Latin America and Caribbean","Upper middle",0.6856,-36.8,-38.8,1994,0.051,2,0.92,2,0.94,0,0.65
"Puerto Rico","Latin America and Caribbean","High",0.8475,-53.3,-55.9,1990,0.031,2,1,2,1,2,1
"Saint Kitts and Nevis","Latin America and Caribbean","High",0.7545,-52.8,-51.8,1990,0.027,2,1,2,0.96,2,0.86
"Saint Lucia","Latin America and Caribbean","Upper middle",0.7029,-51.5,-53.6,1990,0.035,2,1,2,0.96,2,0.8
"Saint Vincent and the Grenadines","Latin America and Caribbean","Upper middle",0.6585,-27.8,-31.3,1994,0.034,0,0.4,0,0.34,1,0.88
"Suriname","Latin America and Caribbean","Upper middle",0.6549,-30.1,-30.9,1992,0.036,0,0.4,0,0.27,0,0.69
"Trinidad and Tobago","Latin America and Caribbean","High",0.7705,-42.9,-42.1,1990,0.023,2,0.94,2,0.93,2,0.79
"United States Virgin Islands","Latin America and Caribbean","High",0.8302,-52.6,-62.7,1990,0.034,2,1,2,1,2,0.94
"Venezuela (Bolivarian Republic of)","Latin America and Caribbean","Upper middle",0.5802,-12.6,-9.7,1990,0.022,0,0.18,1,1,1,1
"Afghanistan","North Africa and Middle East","Low",0.3337,-29,-25.4,1990,0.07,0,0.27,1,0.88,1,0.72
"Algeria","North Africa and Middle East","Upper middle",0.6578,-39.2,-39.3,1990,0.081,0,0.57,0,0.35,0,0.44
"Bahrain","North Africa and Middle East","High",0.7843,-65.7,-65.8,1990,0.05,2,1,2,1,2,1
"Egypt","North Africa and Middle East","Lower middle",0.6765,-6.7,6.2,2003,0.06,1,1,1,1,1,0.97
"Iran (Islamic Republic of)","North Africa and Middle East","Upper middle",0.7176,-60.6,-59,1990,0.065,2,1,2,0.98,2,0.99
"Iraq","North Africa and Middle East","Upper middle",0.6539,-23.9,-21.1,1998,0.068,0,0.44,0,0.2,2,0.74
"Jordan","North Africa and Middle East","Lower middle",0.7204,-50.6,-46.8,1992,0.052,2,0.99,2,0.89,2,1
"Kuwait","North Africa and Middle East","High",0.8771,-54.2,-54.7,1990,0.026,2,1,2,0.98,2,1
"Lebanon","North Africa and Middle East","Lower middle",0.7237,-21.1,-19.8,2020,0.091,1,0.98,1,1,1,1
"Libya","North Africa and Middle East","Upper middle",0.7705,-23.8,-15.2,1990,0.077,1,0.93,1,1,1,0.9
"Morocco","North Africa and Middle East","Lower middle",0.6124,-33.9,-30.6,1990,0.063,0,0.53,0,0.29,0,0.63
"Oman","North Africa and Middle East","High",0.7812,-54.1,-47.7,1990,0.067,2,0.8,0,0.31,2,0.85
"Palestine","North Africa and Middle East","Lower middle",0.638,-46.7,-43.4,1990,0.044,2,0.95,2,0.71,2,1
"Qatar","North Africa and Middle East","High",0.8596,-64.5,-64.6,1992,0.069,2,1,2,1,2,1
"Saudi Arabia","North Africa and Middle East","High",0.8284,-33.6,-29.6,1990,0.064,1,0.99,1,1,1,1
"Sudan","North Africa and Middle East","Low",0.5731,-43.5,-38.4,1990,0.084,2,0.78,0,0.38,2,0.81
"Syrian Arab Republic","North Africa and Middle East","Low",0.5887,-43.2,-29.8,1992,0.043,2,0.96,0,0.34,2,0.97
"Tunisia","North Africa and Middle East","Lower middle",0.6837,-39.9,-46.1,1990,0.088,2,0.77,2,0.87,2,0.83
"Türkiye","North Africa and Middle East","Upper middle",0.731,-54.7,-50.4,1990,0.057,2,1,2,0.93,2,0.88
"United Arab Emirates","North Africa and Middle East","High",0.8622,-51.5,-39.1,1990,0.18,2,0.91,0,0.18,2,0.79
"Yemen","North Africa and Middle East","Low",0.4464,-42.9,-39,1990,0.071,2,0.77,0,0.38,2,0.78
"Bangladesh","South Asia","Lower middle",0.5171,22,37.2,2012,0.067,1,1,1,1,1,1
"Bhutan","South Asia","Lower middle",0.5243,-21.5,-27.5,1997,0.119,0,0.38,0,0.28,0,0.63
"India","South Asia","Lower middle",0.607,-19.6,-12.1,1990,0.062,1,1,1,1,1,1
"Nepal","South Asia","Lower middle",0.471,-21,-21.3,1999,0.097,0,0.38,0,0.24,0,0.61
"Pakistan","South Asia","Lower middle",0.5127,-2.1,-2.6,2005,0.113,1,1,1,1,1,0.99
"American Samoa","Southeast Asia, East Asia and Oceania","High",0.743,-9.4,-13,1999,0.068,1,0.99,1,0.98,1,0.96
"Cambodia","Southeast Asia, East Asia and Oceania","Lower middle",0.5,-26,-18.7,1990,0.115,0,0.25,1,0.95,1,0.79
"China","Southeast Asia, East Asia and Oceania","Upper middle",0.7275,-59.7,-58.1,1990,0.048,2,1,2,1,2,1
"Democratic People's Republic of Korea","Southeast Asia, East Asia and Oceania","Low",0.5771,-5.7,-7.6,2004,0.074,1,1,1,1,1,0.96
"Fiji","Southeast Asia, East Asia and Oceania","Upper middle",0.6864,-4.2,-0.3,1998,0.049,1,1,1,1,1,0.98
"Guam","Southeast Asia, East Asia and Oceania","High",0.8119,0,-15.1,1999,0.027,1,1,1,1,1,1
"Indonesia","Southeast Asia, East Asia and Oceania","Upper middle",0.6657,-8.5,-15.1,2013,0.069,1,1,1,1,1,1
"Kiribati","Southeast Asia, East Asia and Oceania","Lower middle",0.5427,-4.5,-5.7,1998,0.08,1,1,1,1,1,0.99
"Lao People's Democratic Republic","Southeast Asia, East Asia and Oceania","Lower middle",0.515,-2.4,-4.6,1994,0.11,1,1,1,1,1,0.98
"Malaysia","Southeast Asia, East Asia and Oceania","Upper middle",0.7704,-35.8,-41.1,1990,0.046,0,0.63,2,0.8,2,0.72
"Maldives","Southeast Asia, East Asia and Oceania","Upper middle",0.661,-43.4,-26.5,1991,0.06,2,0.97,0,0.36,2,0.87
"Marshall Islands","Southeast Asia, East Asia and Oceania","Upper middle",0.6055,3.3,4.5,2021,0.102,1,1,1,1,1,1
"Mauritius","Southeast Asia, East Asia and Oceania","Upper middle",0.7363,-38.1,-37.7,1990,0.022,2,0.9,2,0.93,2,0.74
"Micronesia (Federated States of)","Southeast Asia, East Asia and Oceania","Lower middle",0.5968,-32.8,-32.5,1990,0.078,0,0.41,0,0.26,0,0.51
"Myanmar","Southeast Asia, East Asia and Oceania","Lower middle",0.532,-17,-17.5,2008,0.106,1,0.93,1,0.98,1,0.88
"Nauru","Southeast Asia, East Asia and Oceania","High",0.6264,4.8,3.6,2005,0.122,1,1,1,1,1,0.93
"Northern Mariana Islands","Southeast Asia, East Asia and Oceania","High",0.7911,-12.4,-13.1,1999,0.068,1,1,1,1,1,0.99
"Palau","Southeast Asia, East Asia and Oceania","High",0.7559,-20.6,-21,1990,0.068,1,0.88,1,0.92,1,0.8
"Papua New Guinea","Southeast Asia, East Asia and Oceania","Lower middle",0.429,-6.6,-8.7,2011,0.103,1,0.99,1,1,1,0.99
"Philippines","Southeast Asia, East Asia and Oceania","Lower middle",0.6694,-5.2,-10.3,2021,0.039,1,1,1,1,1,1
"Samoa","Southeast Asia, East Asia and Oceania","Lower middle",0.6045,7.6,10,2023,0.081,1,1,1,1,1,1
"Seychelles","Southeast Asia, East Asia and Oceania","High",0.753,-43,-43,1991,0.049,2,0.87,2,0.73,2,0.98
"Solomon Islands","Southeast Asia, East Asia and Oceania","Lower middle",0.458,15.7,10.7,2023,0.088,1,1,1,1,1,1
"Sri Lanka","Southeast Asia, East Asia and Oceania","Lower middle",0.7307,-31.7,-30.9,1990,0.04,0,0.69,0,0.34,2,0.89
"Taiwan","Southeast Asia, East Asia and Oceania","High",0.8815,-58.4,-64.2,1990,0.029,2,1,2,1,2,0.84
"Thailand","Southeast Asia, East Asia and Oceania","Upper middle",0.6872,-42.2,-54.2,1995,0.06,2,0.98,2,1,2,1
"Timor-Leste","Southeast Asia, East Asia and Oceania","Lower middle",0.4846,-16.7,-23.1,1990,0.108,1,0.97,1,0.96,1,1
"Tonga","Southeast Asia, East Asia and Oceania","Upper middle",0.636,3,3.3,2009,0.076,1,1,1,1,1,1
"Tuvalu","Southeast Asia, East Asia and Oceania","Upper middle",0.6112,0.3,-4.2,2021,0.082,1,1,1,1,1,1
"Vanuatu","Southeast Asia, East Asia and Oceania","Lower middle",0.4765,-1.2,-2.8,1994,0.086,1,1,1,1,1,1
"Viet Nam","Southeast Asia, East Asia and Oceania","Lower middle",0.643,-31.4,-35.5,1990,0.064,0,0.25,0,0.26,1,0.82
"Angola","Sub-Saharan Africa","Lower middle",0.4991,-16.7,-17.2,1990,0.121,1,0.98,1,0.98,1,0.96
"Benin","Sub-Saharan Africa","Lower middle",0.4064,-31.2,-30.9,1990,0.104,1,0.86,0,0.09,1,0.96
"Botswana","Sub-Saharan Africa","Upper middle",0.6776,-26.3,-25.8,2001,0.099,0,0.52,0,0.32,2,0.82
"Burkina Faso","Sub-Saharan Africa","Low",0.3067,-16.3,-17.5,1990,0.096,1,0.94,1,0.97,1,0.92
"Burundi","Sub-Saharan Africa","Low",0.3072,7.4,12.3,2021,0.141,1,1,1,1,1,1
"Cabo Verde","Sub-Saharan Africa","Lower middle",0.5624,-12.7,-16,1995,0.073,1,0.98,1,0.91,1,0.97
"Cameroon","Sub-Saharan Africa","Lower middle",0.487,-11.7,-5.5,1990,0.098,1,1,1,1,1,1
"Central African Republic","Sub-Saharan Africa","Low",0.2591,-3.1,-2.6,1994,0.167,1,0.94,1,0.99,1,0.96
"Chad","Sub-Saharan Africa","Low",0.2393,-4.9,0.6,1990,0.115,1,1,1,1,1,1
"Comoros","Sub-Saharan Africa","Lower middle",0.4786,-20.6,-22.2,1991,0.112,1,0.9,1,0.91,1,0.91
"Congo","Sub-Saharan Africa","Lower middle",0.5777,7,13.8,2023,0.109,1,1,1,1,1,1
"Côte d'Ivoire","Sub-Saharan Africa","Lower middle",0.4515,-5.5,-6.8,1990,0.106,1,0.99,1,1,1,1
"Democratic Republic of the Congo","Sub-Saharan Africa","Low",0.395,-0.4,2.4,1990,0.149,1,1,1,1,1,0.99
"Djibouti","Sub-Saharan Africa","Lower middle",0.491,-17.3,-18,1993,0.136,1,0.98,1,0.97,1,0.98
"Equatorial Guinea","Sub-Saharan Africa","Upper middle",0.646,-22.2,-23.1,1990,0.14,0,0.58,0,0.42,0,0.58
"Eritrea","Sub-Saharan Africa","Low",0.4145,-2.6,-5.5,1990,0.171,1,1,1,1,1,0.99
"Eswatini","Sub-Saharan Africa","Lower middle",0.6069,-46.3,-39.2,1990,0.128,2,0.88,0,0.52,2,0.9
"Ethiopia","Sub-Saharan Africa","Low",0.3937,24.2,29.6,2023,0.122,1,1,1,1,1,1
"Gabon","Sub-Saharan Africa","Upper middle",0.6309,-9.4,-9,1991,0.12,1,0.99,1,1,1,0.99
"Gambia","Sub-Saharan Africa","Low",0.4326,9.1,19.7,2023,0.104,1,1,1,1,1,1
"Ghana","Sub-Saharan Africa","Lower middle",0.5737,-26.8,-26.8,1990,0.084,1,0.82,1,0.91,1,1
"Guinea","Sub-Saharan Africa","Lower middle",0.3551,-13.1,-10,1990,0.108,1,0.96,1,1,1,1
"Guinea-Bissau","Sub-Saharan Africa","Low",0.3733,13.1,19.6,2023,0.119,1,1,1,1,1,1
"Kenya","Sub-Saharan Africa","Lower middle",0.5486,-13,-16.3,2000,0.095,1,0.99,1,0.96,1,0.92
"Lesotho","Sub-Saharan Africa","Lower middle",0.5098,-13,-11.1,2002,0.105,0,0.26,0,0.16,2,0.7
"Liberia","Sub-Saharan Africa","Low",0.3829,-11.3,-7.4,1990,0.101,1,1,1,1,1,1
"Madagascar","Sub-Saharan Africa","Low",0.3799,-14,-9.8,1992,0.096,1,0.98,1,1,1,1
"Malawi","Sub-Saharan Africa","Low",0.4094,-15.8,-13.9,2021,0.108,1,0.92,1,0.95,1,0.82
"Mali","Sub-Saharan Africa","Low",0.2849,-8.6,-3.1,1990,0.112,1,0.98,1,1,1,0.99
"Mauritania","Sub-Saharan Africa","Lower middle",0.5179,-9.2,-5.5,1993,0.103,1,0.99,1,1,1,0.92
"Mozambique","Sub-Saharan Africa","Low",0.3417,6,15.2,2021,0.087,1,1,1,1,1,1
"Namibia","Sub-Saharan Africa","Upper middle",0.6195,-38.5,-36.1,1990,0.101,0,0.55,0,0.34,0,0.43
"Niger","Sub-Saharan Africa","Low",0.203,-4.4,-0.6,2002,0.144,1,0.96,1,1,1,0.9
"Nigeria","Sub-Saharan Africa","Lower middle",0.5119,-11.7,-11.2,1991,0.111,1,1,1,1,1,0.98
"Rwanda","Sub-Saharan Africa","Low",0.4621,-25.5,-17.1,1994,0.115,0,0.54,1,0.91,1,0.84
"Sao Tome and Principe","Sub-Saharan Africa","Lower middle",0.5226,-0.2,-3.1,2007,0.093,1,1,1,1,1,1
"Senegal","Sub-Saharan Africa","Lower middle",0.4127,-12.4,-3.7,2001,0.102,1,0.99,1,1,1,0.97
"Sierra Leone","Sub-Saharan Africa","Low",0.3832,-3,-3,1990,0.107,1,1,1,1,1,1
"Somalia","Sub-Saharan Africa","Low",0.229,14.1,13.7,2021,0.163,1,1,1,1,1,0.99
"South Africa","Sub-Saharan Africa","Upper middle",0.6965,-14.4,-14.3,1996,0.049,1,0.98,1,1,1,0.9
"South Sudan","Sub-Saharan Africa","Low",0.379,3.7,5.2,2023,0.122,1,1,1,1,1,1
"Togo","Sub-Saharan Africa","Low",0.4604,-19,-17.5,1990,0.106,1,0.92,1,0.96,1,0.97
"Uganda","Sub-Saharan Africa","Low",0.4421,-9.1,-13.9,1994,0.106,1,0.98,1,0.97,1,0.97
"United Republic of Tanzania","Sub-Saharan Africa","Lower middle",0.4658,-3.6,-0.8,2012,0.073,1,1,1,1,1,1
"Zambia","Sub-Saharan Africa","Lower middle",0.5054,8.9,9.1,2011,0.104,1,1,1,1,1,1
"Zimbabwe","Sub-Saharan Africa","Lower middle",0.4911,8.9,-2.3,2003,0.097,1,1,1,0.97,1,0.89
