"location_id","name","income","region"
298,"American Samoa","hi","SEAO"
74,"Andorra","hi","HI"
105,"Antigua and Barbuda","hi","LAC"
71,"Australia","hi","HI"
75,"Austria","hi","HI"
106,"Bahamas","hi","LAC"
140,"Bahrain","hi","NAME"
107,"Barbados","hi","LAC"
76,"Belgium","hi","HI"
305,"Bermuda","hi","LAC"
66,"Brunei Darussalam","hi","HI"
45,"Bulgaria","hi","CEECA"
101,"Canada","hi","HI"
98,"Chile","hi","HI"
46,"Croatia","hi","CEECA"
77,"Cyprus","hi","HI"
47,"Czechia","hi","CEECA"
78,"Denmark","hi","HI"
58,"Estonia","hi","CEECA"
79,"Finland","hi","HI"
80,"France","hi","HI"
81,"Germany","hi","HI"
82,"Greece","hi","HI"
349,"Greenland","hi","HI"
351,"Guam","hi","SEAO"
113,"Guyana","hi","LAC"
48,"Hungary","hi","CEECA"
83,"Iceland","hi","HI"
84,"Ireland","hi","HI"
85,"Israel","hi","HI"
86,"Italy","hi","HI"
67,"Japan","hi","HI"
145,"Kuwait","hi","NAME"
59,"Latvia","hi","CEECA"
60,"Lithuania","hi","CEECA"
87,"Luxembourg","hi","HI"
88,"Malta","hi","HI"
367,"Monaco","hi","HI"
369,"Nauru","hi","SEAO"
89,"Netherlands","hi","HI"
72,"New Zealand","hi","HI"
376,"Northern Mariana Islands","hi","SEAO"
90,"Norway","hi","HI"
150,"Oman","hi","NAME"
380,"Palau","hi","SEAO"
132,"Panama","hi","LAC"
51,"Poland","hi","CEECA"
91,"Portugal","hi","HI"
385,"Puerto Rico","hi","LAC"
151,"Qatar","hi","NAME"
68,"Republic of Korea","hi","HI"
52,"Romania","hi","CEECA"
62,"Russian Federation","hi","CEECA"
393,"Saint Kitts and Nevis","hi","LAC"
396,"San Marino","hi","HI"
152,"Saudi Arabia","hi","NAME"
186,"Seychelles","hi","SEAO"
69,"Singapore","hi","HI"
54,"Slovakia","hi","CEECA"
55,"Slovenia","hi","CEECA"
92,"Spain","hi","HI"
93,"Sweden","hi","HI"
94,"Switzerland","hi","HI"
8,"Taiwan","hi","SEAO"
119,"Trinidad and Tobago","hi","LAC"
156,"United Arab Emirates","hi","NAME"
95,"United Kingdom","hi","HI"
422,"United States Virgin Islands","hi","LAC"
102,"United States of America","hi","HI"
99,"Uruguay","hi","HI"
168,"Angola","lmi","SSA"
161,"Bangladesh","lmi","SA"
200,"Benin","lmi","SSA"
162,"Bhutan","lmi","SA"
121,"Bolivia (Plurinational State of)","lmi","LAC"
203,"Cabo Verde","lmi","SSA"
10,"Cambodia","lmi","SEAO"
202,"Cameroon","lmi","SSA"
176,"Comoros","lmi","SSA"
170,"Congo","lmi","SSA"
205,"Côte d'Ivoire","lmi","SSA"
177,"Djibouti","lmi","SSA"
141,"Egypt","lmi","NAME"
197,"Eswatini","lmi","SSA"
207,"Ghana","lmi","SSA"
208,"Guinea","lmi","SSA"
114,"Haiti","lmi","LAC"
129,"Honduras","lmi","LAC"
163,"India","lmi","SA"
144,"Jordan","lmi","NAME"
180,"Kenya","lmi","SSA"
23,"Kiribati","lmi","SEAO"
37,"Kyrgyzstan","lmi","CEECA"
12,"Lao People's Democratic Republic","lmi","SEAO"
146,"Lebanon","lmi","NAME"
194,"Lesotho","lmi","SSA"
212,"Mauritania","lmi","SSA"
25,"Micronesia (Federated States of)","lmi","SEAO"
148,"Morocco","lmi","NAME"
15,"Myanmar","lmi","SEAO"
164,"Nepal","lmi","SA"
131,"Nicaragua","lmi","LAC"
214,"Nigeria","lmi","SSA"
165,"Pakistan","lmi","SA"
149,"Palestine","lmi","NAME"
26,"Papua New Guinea","lmi","SEAO"
16,"Philippines","lmi","SEAO"
27,"Samoa","lmi","SEAO"
215,"Sao Tome and Principe","lmi","SSA"
216,"Senegal","lmi","SSA"
28,"Solomon Islands","lmi","SEAO"
17,"Sri Lanka","lmi","SEAO"
39,"Tajikistan","lmi","CEECA"
19,"Timor-Leste","lmi","SEAO"
154,"Tunisia","lmi","NAME"
189,"United Republic of Tanzania","lmi","SSA"
41,"Uzbekistan","lmi","CEECA"
30,"Vanuatu","lmi","SEAO"
20,"Viet Nam","lmi","SEAO"
191,"Zambia","lmi","SSA"
198,"Zimbabwe","lmi","SSA"
160,"Afghanistan","low","NAME"
201,"Burkina Faso","low","SSA"
175,"Burundi","low","SSA"
169,"Central African Republic","low","SSA"
204,"Chad","low","SSA"
7,"Democratic People's Republic of Korea","low","SEAO"
171,"Democratic Republic of the Congo","low","SSA"
178,"Eritrea","low","SSA"
179,"Ethiopia","low","SSA"
206,"Gambia","low","SSA"
209,"Guinea-Bissau","low","SSA"
210,"Liberia","low","SSA"
181,"Madagascar","low","SSA"
182,"Malawi","low","SSA"
211,"Mali","low","SSA"
184,"Mozambique","low","SSA"
213,"Niger","low","SSA"
185,"Rwanda","low","SSA"
217,"Sierra Leone","low","SSA"
187,"Somalia","low","SSA"
435,"South Sudan","low","SSA"
522,"Sudan","low","NAME"
153,"Syrian Arab Republic","low","NAME"
218,"Togo","low","SSA"
190,"Uganda","low","SSA"
157,"Yemen","low","NAME"
43,"Albania","umi","CEECA"
139,"Algeria","umi","NAME"
97,"Argentina","umi","HI"
33,"Armenia","umi","CEECA"
34,"Azerbaijan","umi","CEECA"
57,"Belarus","umi","CEECA"
108,"Belize","umi","LAC"
44,"Bosnia and Herzegovina","umi","CEECA"
193,"Botswana","umi","SSA"
135,"Brazil","umi","LAC"
6,"China","umi","SEAO"
125,"Colombia","umi","LAC"
126,"Costa Rica","umi","LAC"
109,"Cuba","umi","LAC"
110,"Dominica","umi","LAC"
111,"Dominican Republic","umi","LAC"
122,"Ecuador","umi","LAC"
127,"El Salvador","umi","LAC"
172,"Equatorial Guinea","umi","SSA"
22,"Fiji","umi","SEAO"
173,"Gabon","umi","SSA"
35,"Georgia","umi","CEECA"
112,"Grenada","umi","LAC"
128,"Guatemala","umi","LAC"
11,"Indonesia","umi","SEAO"
142,"Iran (Islamic Republic of)","umi","NAME"
143,"Iraq","umi","NAME"
115,"Jamaica","umi","LAC"
36,"Kazakhstan","umi","CEECA"
147,"Libya","umi","NAME"
13,"Malaysia","umi","SEAO"
14,"Maldives","umi","SEAO"
24,"Marshall Islands","umi","SEAO"
183,"Mauritius","umi","SEAO"
130,"Mexico","umi","LAC"
38,"Mongolia","umi","CEECA"
50,"Montenegro","umi","CEECA"
195,"Namibia","umi","SSA"
49,"North Macedonia","umi","CEECA"
136,"Paraguay","umi","LAC"
123,"Peru","umi","LAC"
61,"Republic of Moldova","umi","CEECA"
116,"Saint Lucia","umi","LAC"
117,"Saint Vincent and the Grenadines","umi","LAC"
53,"Serbia","umi","CEECA"
196,"South Africa","umi","SSA"
118,"Suriname","umi","LAC"
18,"Thailand","umi","SEAO"
29,"Tonga","umi","SEAO"
40,"Turkmenistan","umi","CEECA"
416,"Tuvalu","umi","SEAO"
155,"Türkiye","umi","NAME"
63,"Ukraine","umi","CEECA"
133,"Venezuela (Bolivarian Republic of)","umi","LAC"
