location_name,income_group
Albania,umi
Algeria,umi
Argentina,umi
Armenia,umi
Azerbaijan,umi
Belarus,umi
Belize,umi
Bosnia and Herzegovina,umi
Botswana,umi
Brazil,umi
China,umi
Colombia,umi
Costa Rica,umi
Cuba,umi
Dominica,umi
Dominican Republic,umi
Ecuador,umi
El Salvador,umi
Equatorial Guinea,umi
Fiji,umi
Gabon,umi
Georgia,umi
Grenada,umi
Guatemala,umi
Indonesia,umi
Iran (Islamic Republic of),umi
Iraq,umi
Jamaica,umi
Kazakhstan,umi
Libya,umi
Malaysia,umi
Maldives,umi
Marshall Islands,umi
Mauritius,umi
Mexico,umi
Mongolia,umi
Montenegro,umi
Namibia,umi
North Macedonia,umi
Paraguay,umi
Peru,umi
Republic of Moldova,umi
Saint Lucia,umi
Saint Vincent and the Grenadines,umi
Serbia,umi
South Africa,umi
Suriname,umi
Thailand,umi
Tonga,umi
Turkmenistan,umi
Tuvalu,umi
Türkiye,umi
Ukraine,umi
Venezuela (Bolivarian Republic of),umi
Angola,lmi
Bangladesh,lmi
Benin,lmi
Bhutan,lmi
Bolivia (Plurinational State of),lmi
Cabo Verde,lmi
Cambodia,lmi
Cameroon,lmi
Comoros,lmi
Congo,lmi
Côte d'Ivoire,lmi
Djibouti,lmi
Egypt,lmi
Eswatini,lmi
Ghana,lmi
Guinea,lmi
Haiti,lmi
Honduras,lmi
India,lmi
Jordan,lmi
Kenya,lmi
Kiribati,lmi
Kyrgyzstan,lmi
Lao People's Democratic Republic,lmi
Lebanon,lmi
Lesotho,lmi
Mauritania,lmi
Micronesia (Federated States of),lmi
Morocco,lmi
Myanmar,lmi
Nepal,lmi
Nicaragua,lmi
Nigeria,lmi
Pakistan,lmi
Palestine,lmi
Papua New Guinea,lmi
Philippines,lmi
Samoa,lmi
Sao Tome and Principe,lmi
Senegal,lmi
Solomon Islands,lmi
Sri Lanka,lmi
Tajikistan,lmi
Timor-Leste,lmi
Tunisia,lmi
United Republic of Tanzania,lmi
Uzbekistan,lmi
Vanuatu,lmi
Viet Nam,lmi
Zambia,lmi
Zimbabwe,lmi
Afghanistan,low
Burkina Faso,low
Burundi,low
Central African Republic,low
Chad,low
Democratic People's Republic of Korea,low
Democratic Republic of the Congo,low
Eritrea,low
Ethiopia,low
Gambia,low
Guinea-Bissau,low
Liberia,low
Madagascar,low
Malawi,low
Mali,low
Mozambique,low
Niger,low
Rwanda,low
Sierra Leone,low
Somalia,low
South Sudan,low
Sudan,low
Syrian Arab Republic,low
Togo,low
Uganda,low
Yemen,low
American Samoa,hi
Andorra,hi
Antigua and Barbuda,hi
Australia,hi
Austria,hi
Bahamas,hi
Bahrain,hi
Barbados,hi
Belgium,hi
Bermuda,hi
Brunei Darussalam,hi
Bulgaria,hi
Canada,hi
Chile,hi
Croatia,hi
Cyprus,hi
Czechia,hi
Denmark,hi
Estonia,hi
Finland,hi
France,hi
Germany,hi
Greece,hi
Greenland,hi
Guam,hi
Guyana,hi
Hong Kong Special Administrative Region of China,hi
Hungary,hi
Iceland,hi
Ireland,hi
Israel,hi
Italy,hi
Japan,hi
Kuwait,hi
Latvia,hi
Lithuania,hi
Luxembourg,hi
Macao Special Administrative Region of China,hi
Malta,hi
Monaco,hi
Nauru,hi
Netherlands,hi
New Zealand,hi
Northern Mariana Islands,hi
Norway,hi
Oman,hi
Palau,hi
Panama,hi
Poland,hi
Portugal,hi
Puerto Rico,hi
Qatar,hi
Republic of Korea,hi
Romania,hi
Russian Federation,hi
Saint Kitts and Nevis,hi
San Marino,hi
Saudi Arabia,hi
Seychelles,hi
Singapore,hi
Slovakia,hi
Slovenia,hi
Spain,hi
Sweden,hi
Switzerland,hi
Taiwan,hi
Trinidad and Tobago,hi
United Arab Emirates,hi
United Kingdom,hi
United States Virgin Islands,hi
United States of America,hi
Uruguay,hi
