"location_id","name","income","region","sdi","cluster","p","assigned"
298,"American Samoa","hi","SEAO",0.743,1,0.99,1
74,"Andorra","hi","HI",0.8799,2,0.893,2
105,"Antigua and Barbuda","hi","LAC",0.7559,2,0.916,2
71,"Australia","hi","HI",0.8529,2,1,2
75,"Austria","hi","HI",0.854,2,1,2
106,"Bahamas","hi","LAC",0.8136,1,0.991,1
140,"Bahrain","hi","NAME",0.7843,2,1,2
107,"Barbados","hi","LAC",0.7548,2,0.763,2
76,"Belgium","hi","HI",0.877,2,1,2
305,"Bermuda","hi","LAC",0.8269,2,1,2
66,"Brunei Darussalam","hi","HI",0.8324,2,0.964,2
45,"Bulgaria","hi","CEECA",0.7708,2,0.662,0
101,"Canada","hi","HI",0.8873,2,0.999,2
98,"Chile","hi","HI",0.7885,2,1,2
46,"Croatia","hi","CEECA",0.7821,2,0.999,2
77,"Cyprus","hi","HI",0.8558,2,1,2
47,"Czechia","hi","CEECA",0.831,2,1,2
78,"Denmark","hi","HI",0.916,2,1,2
58,"Estonia","hi","CEECA",0.8549,2,1,2
79,"Finland","hi","HI",0.8908,2,1,2
80,"France","hi","HI",0.8611,2,0.998,2
81,"Germany","hi","HI",0.8786,2,1,2
82,"Greece","hi","HI",0.8312,2,1,2
349,"Greenland","hi","HI",0.8602,2,0.999,2
351,"Guam","hi","SEAO",0.8119,1,0.999,1
113,"Guyana","hi","LAC",0.6957,2,0.715,2
48,"Hungary","hi","CEECA",0.7935,2,1,2
83,"Iceland","hi","HI",0.889,2,1,2
84,"Ireland","hi","HI",0.9069,2,1,2
85,"Israel","hi","HI",0.8409,2,1,2
86,"Italy","hi","HI",0.8344,2,1,2
67,"Japan","hi","HI",0.8759,2,0.996,2
145,"Kuwait","hi","NAME",0.8771,2,0.997,2
59,"Latvia","hi","CEECA",0.8508,2,0.961,2
60,"Lithuania","hi","CEECA",0.8562,2,0.891,2
87,"Luxembourg","hi","HI",0.8948,2,1,2
88,"Malta","hi","HI",0.8305,2,1,2
367,"Monaco","hi","HI",0.9227,2,1,2
369,"Nauru","hi","SEAO",0.6264,1,0.995,1
89,"Netherlands","hi","HI",0.9084,2,1,2
72,"New Zealand","hi","HI",0.8664,2,1,2
376,"Northern Mariana Islands","hi","SEAO",0.7911,1,0.999,1
90,"Norway","hi","HI",0.9169,2,1,2
150,"Oman","hi","NAME",0.7812,2,0.795,2
380,"Palau","hi","SEAO",0.7559,1,0.875,1
132,"Panama","hi","LAC",0.7154,2,0.348,0
51,"Poland","hi","CEECA",0.847,2,1,2
91,"Portugal","hi","HI",0.7865,2,1,2
385,"Puerto Rico","hi","LAC",0.8475,2,1,2
151,"Qatar","hi","NAME",0.8596,2,1,2
68,"Republic of Korea","hi","HI",0.8917,2,1,2
52,"Romania","hi","CEECA",0.7687,2,0.987,2
62,"Russian Federation","hi","CEECA",0.8225,2,0.899,2
393,"Saint Kitts and Nevis","hi","LAC",0.7545,2,1,2
396,"San Marino","hi","HI",0.883,2,1,2
152,"Saudi Arabia","hi","NAME",0.8284,1,0.992,1
186,"Seychelles","hi","SEAO",0.753,2,0.872,2
69,"Singapore","hi","HI",0.87,2,1,2
54,"Slovakia","hi","CEECA",0.8131,2,0.998,2
55,"Slovenia","hi","CEECA",0.8449,2,1,2
92,"Spain","hi","HI",0.8118,2,1,2
93,"Sweden","hi","HI",0.9109,2,1,2
94,"Switzerland","hi","HI",0.9461,2,1,2
8,"Taiwan","hi","SEAO",0.8815,2,1,2
119,"Trinidad and Tobago","hi","LAC",0.7705,2,0.939,2
156,"United Arab Emirates","hi","NAME",0.8622,2,0.91,2
95,"United Kingdom","hi","HI",0.8804,2,1,2
422,"United States Virgin Islands","hi","LAC",0.8302,2,1,2
102,"United States of America","hi","HI",0.8765,2,0.846,2
99,"Uruguay","hi","HI",0.7454,2,1,2
168,"Angola","lmi","SSA",0.4991,1,0.982,1
161,"Bangladesh","lmi","SA",0.5171,1,0.999,1
200,"Benin","lmi","SSA",0.4064,1,0.859,1
162,"Bhutan","lmi","SA",0.5243,2,0.385,0
121,"Bolivia (Plurinational State of)","lmi","LAC",0.6317,2,0.341,0
203,"Cabo Verde","lmi","SSA",0.5624,1,0.981,1
10,"Cambodia","lmi","SEAO",0.5,2,0.252,0
202,"Cameroon","lmi","SSA",0.487,1,0.999,1
176,"Comoros","lmi","SSA",0.4786,1,0.897,1
170,"Congo","lmi","SSA",0.5777,1,0.999,1
205,"Côte d'Ivoire","lmi","SSA",0.4515,1,0.992,1
177,"Djibouti","lmi","SSA",0.491,1,0.978,1
141,"Egypt","lmi","NAME",0.6765,1,0.997,1
197,"Eswatini","lmi","SSA",0.6069,2,0.878,2
207,"Ghana","lmi","SSA",0.5737,1,0.821,1
208,"Guinea","lmi","SSA",0.3551,1,0.962,1
114,"Haiti","lmi","LAC",0.4638,1,0.999,1
129,"Honduras","lmi","LAC",0.5203,1,0.997,1
163,"India","lmi","SA",0.607,1,0.998,1
144,"Jordan","lmi","NAME",0.7204,2,0.994,2
180,"Kenya","lmi","SSA",0.5486,1,0.994,1
23,"Kiribati","lmi","SEAO",0.5427,1,0.998,1
37,"Kyrgyzstan","lmi","CEECA",0.6252,2,0.816,2
12,"Lao People's Democratic Republic","lmi","SEAO",0.515,1,0.998,1
146,"Lebanon","lmi","NAME",0.7237,1,0.979,1
194,"Lesotho","lmi","SSA",0.5098,2,0.262,0
212,"Mauritania","lmi","SSA",0.5179,1,0.988,1
25,"Micronesia (Federated States of)","lmi","SEAO",0.5968,2,0.405,0
148,"Morocco","lmi","NAME",0.6124,2,0.533,0
15,"Myanmar","lmi","SEAO",0.532,1,0.928,1
164,"Nepal","lmi","SA",0.471,2,0.375,0
131,"Nicaragua","lmi","LAC",0.5357,1,0.999,1
214,"Nigeria","lmi","SSA",0.5119,1,0.996,1
165,"Pakistan","lmi","SA",0.5127,1,0.998,1
149,"Palestine","lmi","NAME",0.638,2,0.947,2
26,"Papua New Guinea","lmi","SEAO",0.429,1,0.992,1
16,"Philippines","lmi","SEAO",0.6694,1,0.999,1
27,"Samoa","lmi","SEAO",0.6045,1,0.999,1
215,"Sao Tome and Principe","lmi","SSA",0.5226,1,0.999,1
216,"Senegal","lmi","SSA",0.4127,1,0.988,1
28,"Solomon Islands","lmi","SEAO",0.458,1,0.999,1
17,"Sri Lanka","lmi","SEAO",0.7307,2,0.686,0
39,"Tajikistan","lmi","CEECA",0.5512,1,0.928,1
19,"Timor-Leste","lmi","SEAO",0.4846,1,0.973,1
154,"Tunisia","lmi","NAME",0.6837,2,0.767,2
189,"United Republic of Tanzania","lmi","SSA",0.4658,1,0.999,1
41,"Uzbekistan","lmi","CEECA",0.6321,1,0.875,1
30,"Vanuatu","lmi","SEAO",0.4765,1,0.998,1
20,"Viet Nam","lmi","SEAO",0.643,2,0.253,0
191,"Zambia","lmi","SSA",0.5054,1,0.999,1
198,"Zimbabwe","lmi","SSA",0.4911,1,0.999,1
160,"Afghanistan","low","NAME",0.3337,2,0.274,0
201,"Burkina Faso","low","SSA",0.3067,1,0.936,1
175,"Burundi","low","SSA",0.3072,1,0.999,1
169,"Central African Republic","low","SSA",0.2591,1,0.938,1
204,"Chad","low","SSA",0.2393,1,0.995,1
7,"Democratic People's Republic of Korea","low","SEAO",0.5771,1,0.996,1
171,"Democratic Republic of the Congo","low","SSA",0.395,1,0.997,1
178,"Eritrea","low","SSA",0.4145,1,0.996,1
179,"Ethiopia","low","SSA",0.3937,1,0.999,1
206,"Gambia","low","SSA",0.4326,1,0.995,1
209,"Guinea-Bissau","low","SSA",0.3733,1,0.999,1
210,"Liberia","low","SSA",0.3829,1,0.998,1
181,"Madagascar","low","SSA",0.3799,1,0.975,1
182,"Malawi","low","SSA",0.4094,1,0.924,1
211,"Mali","low","SSA",0.2849,1,0.982,1
184,"Mozambique","low","SSA",0.3417,1,0.999,1
213,"Niger","low","SSA",0.203,1,0.959,1
185,"Rwanda","low","SSA",0.4621,2,0.537,0
217,"Sierra Leone","low","SSA",0.3832,1,0.999,1
187,"Somalia","low","SSA",0.229,1,0.999,1
435,"South Sudan","low","SSA",0.379,1,0.999,1
522,"Sudan","low","NAME",0.5731,2,0.778,2
153,"Syrian Arab Republic","low","NAME",0.5887,2,0.962,2
218,"Togo","low","SSA",0.4604,1,0.918,1
190,"Uganda","low","SSA",0.4421,1,0.976,1
157,"Yemen","low","NAME",0.4464,2,0.772,2
43,"Albania","umi","CEECA",0.7068,2,0.652,0
139,"Algeria","umi","NAME",0.6578,2,0.571,0
97,"Argentina","umi","HI",0.7647,2,0.996,2
33,"Armenia","umi","CEECA",0.7173,2,0.989,2
34,"Azerbaijan","umi","CEECA",0.7053,2,0.604,0
57,"Belarus","umi","CEECA",0.8036,2,0.69,0
108,"Belize","umi","LAC",0.6285,2,0.641,0
44,"Bosnia and Herzegovina","umi","CEECA",0.7129,2,0.642,0
193,"Botswana","umi","SSA",0.6776,2,0.515,0
135,"Brazil","umi","LAC",0.6839,2,1,2
6,"China","umi","SEAO",0.7275,2,1,2
125,"Colombia","umi","LAC",0.6888,2,1,2
126,"Costa Rica","umi","LAC",0.7154,2,0.881,2
109,"Cuba","umi","LAC",0.6949,2,0.384,0
110,"Dominica","umi","LAC",0.7537,1,0.992,1
111,"Dominican Republic","umi","LAC",0.6581,1,0.999,1
122,"Ecuador","umi","LAC",0.691,2,0.935,2
127,"El Salvador","umi","LAC",0.6082,2,0.182,0
172,"Equatorial Guinea","umi","SSA",0.646,2,0.582,0
22,"Fiji","umi","SEAO",0.6864,1,0.997,1
173,"Gabon","umi","SSA",0.6309,1,0.994,1
35,"Georgia","umi","CEECA",0.7546,2,0.945,2
112,"Grenada","umi","LAC",0.6781,2,0.834,2
128,"Guatemala","umi","LAC",0.5538,2,0.2,0
11,"Indonesia","umi","SEAO",0.6657,1,0.999,1
142,"Iran (Islamic Republic of)","umi","NAME",0.7176,2,1,2
143,"Iraq","umi","NAME",0.6539,2,0.445,0
115,"Jamaica","umi","LAC",0.6919,1,0.998,1
36,"Kazakhstan","umi","CEECA",0.7272,2,0.918,2
147,"Libya","umi","NAME",0.7705,1,0.927,1
13,"Malaysia","umi","SEAO",0.7704,2,0.627,0
14,"Maldives","umi","SEAO",0.661,2,0.971,2
24,"Marshall Islands","umi","SEAO",0.6055,1,0.999,1
183,"Mauritius","umi","SEAO",0.7363,2,0.899,2
130,"Mexico","umi","LAC",0.6934,1,0.995,1
38,"Mongolia","umi","CEECA",0.6597,2,0.92,2
50,"Montenegro","umi","CEECA",0.7886,2,0.709,2
195,"Namibia","umi","SSA",0.6195,2,0.552,0
49,"North Macedonia","umi","CEECA",0.7585,2,0.819,2
136,"Paraguay","umi","LAC",0.6741,1,0.993,1
123,"Peru","umi","LAC",0.6856,2,0.922,2
61,"Republic of Moldova","umi","CEECA",0.7337,2,0.911,2
116,"Saint Lucia","umi","LAC",0.7029,2,0.997,2
117,"Saint Vincent and the Grenadines","umi","LAC",0.6585,2,0.398,0
53,"Serbia","umi","CEECA",0.7845,2,0.993,2
196,"South Africa","umi","SSA",0.6965,1,0.979,1
118,"Suriname","umi","LAC",0.6549,2,0.395,0
18,"Thailand","umi","SEAO",0.6872,2,0.98,2
29,"Tonga","umi","SEAO",0.636,1,0.999,1
40,"Turkmenistan","umi","CEECA",0.6822,2,0.429,0
416,"Tuvalu","umi","SEAO",0.6112,1,0.999,1
155,"Türkiye","umi","NAME",0.731,2,0.999,2
63,"Ukraine","umi","CEECA",0.7645,2,0.706,2
133,"Venezuela (Bolivarian Republic of)","umi","LAC",0.5802,2,0.182,0
