location_id,sdi
160,0.3337
43,0.7068
139,0.6578
298,0.743
74,0.8799
168,0.4991
105,0.7559
97,0.7647
33,0.7173
71,0.8529
75,0.854
34,0.7053
106,0.8136
140,0.7843
161,0.5171
107,0.7548
57,0.8036
76,0.877
108,0.6285
200,0.4064
305,0.8269
162,0.5243
121,0.6317
44,0.7129
193,0.6776
135,0.6839
66,0.8324
45,0.7708
201,0.3067
175,0.3072
203,0.5624
10,0.5
202,0.487
101,0.8873
169,0.2591
204,0.2393
98,0.7885
6,0.7275
125,0.6888
176,0.4786
170,0.5777
126,0.7154
205,0.4515
46,0.7821
109,0.6949
77,0.8558
47,0.831
7,0.5771
171,0.395
78,0.916
177,0.491
110,0.7537
111,0.6581
122,0.691
141,0.6765
127,0.6082
172,0.646
178,0.4145
58,0.8549
197,0.6069
179,0.3937
22,0.6864
79,0.8908
80,0.8611
173,0.6309
206,0.4326
35,0.7546
81,0.8786
207,0.5737
82,0.8312
349,0.8602
112,0.6781
351,0.8119
128,0.5538
208,0.3551
209,0.3733
113,0.6957
114,0.4638
129,0.5203
354,0.8494
48,0.7935
83,0.889
163,0.607
11,0.6657
142,0.7176
143,0.6539
84,0.9069
85,0.8409
86,0.8344
115,0.6919
67,0.8759
144,0.7204
36,0.7272
180,0.5486
23,0.5427
145,0.8771
37,0.6252
12,0.515
59,0.8508
146,0.7237
194,0.5098
210,0.3829
147,0.7705
60,0.8562
87,0.8948
361,0.8688
181,0.3799
182,0.4094
13,0.7704
14,0.661
211,0.2849
88,0.8305
24,0.6055
212,0.5179
183,0.7363
130,0.6934
25,0.5968
367,0.9227
38,0.6597
50,0.7886
148,0.6124
184,0.3417
15,0.532
195,0.6195
369,0.6264
164,0.471
89,0.9084
72,0.8664
131,0.5357
213,0.203
214,0.5119
49,0.7585
376,0.7911
90,0.9169
150,0.7812
165,0.5127
380,0.7559
149,0.638
132,0.7154
26,0.429
136,0.6741
123,0.6856
16,0.6694
51,0.847
91,0.7865
385,0.8475
151,0.8596
68,0.8917
61,0.7337
52,0.7687
62,0.8225
185,0.4621
393,0.7545
116,0.7029
117,0.6585
27,0.6045
396,0.883
215,0.5226
152,0.8284
216,0.4127
53,0.7845
186,0.753
217,0.3832
69,0.87
54,0.8131
55,0.8449
28,0.458
187,0.229
196,0.6965
435,0.379
92,0.8118
17,0.7307
522,0.5731
118,0.6549
93,0.9109
94,0.9461
153,0.5887
8,0.8815
39,0.5512
18,0.6872
19,0.4846
218,0.4604
29,0.636
119,0.7705
154,0.6837
155,0.731
40,0.6822
416,0.6112
190,0.4421
63,0.7645
156,0.8622
95,0.8804
189,0.4658
102,0.8765
422,0.8302
99,0.7454
41,0.6321
30,0.4765
133,0.5802
20,0.643
157,0.4464
191,0.5054
198,0.4911
