location_id,super_region
369,SEAO
28,SEAO
416,SEAO
24,SEAO
141,NAME
114,LAC
160,NAME
522,NAME
40,CEECA
30,SEAO
15,SEAO
25,SEAO
39,CEECA
148,NAME
26,SEAO
22,SEAO
41,CEECA
12,SEAO
157,NAME
57,CEECA
143,NAME
380,SEAO
209,SSA
207,SSA
204,SSA
63,CEECA
374,SEAO
153,NAME
29,SEAO
161,SA
210,SSA
34,CEECA
27,SEAO
435,SSA
7,SEAO
62,CEECA
45,CEECA
37,CEECA
191,SSA
147,NAME
298,SEAO
181,SSA
208,SSA
19,SEAO
376,SEAO
113,LAC
35,CEECA
11,SEAO
169,SSA
217,SSA
171,SSA
213,SSA
172,SSA
320,SEAO
170,SSA
16,SEAO
212,SSA
218,SSA
351,SEAO
139,NAME
413,SEAO
202,SSA
38,CEECA
53,CEECA
152,NAME
61,CEECA
59,CEECA
23,SEAO
205,SSA
165,SA
111,LAC
133,LAC
163,SA
49,CEECA
36,CEECA
52,CEECA
10,SEAO
175,SSA
50,CEECA
194,SSA
211,SSA
214,SSA
168,SSA
185,SSA
178,SSA
182,SSA
206,SSA
60,CEECA
119,LAC
216,SSA
14,SEAO
149,NAME
106,LAC
48,CEECA
44,CEECA
150,NAME
215,SSA
162,SA
183,SEAO
179,SSA
13,SEAO
173,SSA
117,LAC
17,SEAO
164,SA
189,SSA
118,LAC
20,SEAO
198,SSA
129,LAC
200,SSA
33,CEECA
197,SSA
144,NAME
112,LAC
393,LAC
54,CEECA
196,SSA
184,SSA
349,HI
136,LAC
190,SSA
195,SSA
43,CEECA
186,SEAO
203,SSA
110,LAC
142,NAME
155,NAME
115,LAC
201,SSA
422,LAC
121,LAC
6,SEAO
58,CEECA
177,SSA
140,NAME
109,LAC
145,NAME
46,CEECA
51,CEECA
127,LAC
105,LAC
47,CEECA
108,LAC
156,NAME
116,LAC
154,NAME
66,HI
131,LAC
107,LAC
135,LAC
193,SSA
128,LAC
97,HI
102,HI
130,LAC
180,SSA
187,SSA
151,NAME
99,HI
146,NAME
305,LAC
122,LAC
132,LAC
18,SEAO
79,HI
82,HI
125,LAC
81,HI
126,LAC
75,HI
77,HI
95,HI
176,SSA
72,HI
55,CEECA
101,HI
98,HI
93,HI
88,HI
385,LAC
8,SEAO
123,LAC
83,HI
91,HI
69,HI
84,HI
86,HI
87,HI
80,HI
92,HI
78,HI
90,HI
76,HI
89,HI
67,HI
396,HI
71,HI
74,HI
94,HI
68,HI
85,HI
367,HI
